"Sessione";"Data";"Workout";"Settimana";"Durata_min";"Esercizio";"Serie";"Kg";"Reps";"RIR_RPE";"Tipo";"Note"
"mts6hvki-4cl1ig";"2026-09-08T04:37:42.546Z";"PULL";"3";"50";"Pulldown corda";"1";"45";"14";"0";"RIR";""
"mts6hvki-4cl1ig";"2026-09-08T04:37:42.546Z";"PULL";"3";"50";"Pulldown corda";"2";"38.3";"13";"0";"RIR";""
"mts6hvki-4cl1ig";"2026-09-08T04:37:42.546Z";"PULL";"3";"50";"T-bar row machine pacco pesi";"1";"60";"8";"1";"RIR";""
"mts6hvki-4cl1ig";"2026-09-08T04:37:42.546Z";"PULL";"3";"50";"T-bar row machine pacco pesi";"2";"60";"6";"1";"RIR";""
"mts6hvki-4cl1ig";"2026-09-08T04:37:42.546Z";"PULL";"3";"50";"High row machine";"1";"60";"10";"0";"RIR";""
"mts6hvki-4cl1ig";"2026-09-08T04:37:42.546Z";"PULL";"3";"50";"High row machine";"2";"60";"8";"0";"RIR";""
"mts6hvki-4cl1ig";"2026-09-08T04:37:42.546Z";"PULL";"3";"50";"Pulley";"1";"93";"10";"1";"RIR";""
"mts6hvki-4cl1ig";"2026-09-08T04:37:42.546Z";"PULL";"3";"50";"Pulley";"2";"93";"10";"1";"RIR";""
"mts6hvki-4cl1ig";"2026-09-08T04:37:42.546Z";"PULL";"3";"50";"Trazioni assistite";"1";"27";"9";"0";"RIR";""
"mts6hvki-4cl1ig";"2026-09-08T04:37:42.546Z";"PULL";"3";"50";"Curl manubrio singolo alla Scott al contrario";"1";"18";"6";"0";"RIR";""
"mts6hvki-4cl1ig";"2026-09-08T04:37:42.546Z";"PULL";"3";"50";"Curl manubrio singolo alla Scott al contrario";"2";"16";"6";"0";"RIR";""
"mts6hvki-4cl1ig";"2026-09-08T04:37:42.546Z";"PULL";"3";"50";"Hammer curl al cavo";"1";"20";"12";"0";"RIR";""
"mttmdo5g-c1fl4i";"2026-09-09T04:50:06.340Z";"LEGS";"3";"64";"Pendulum squat";"1";"60";"8";"1";"RIR";""
"mttmdo5g-c1fl4i";"2026-09-09T04:50:06.340Z";"LEGS";"3";"64";"Pendulum squat";"2";"70";"5";"2";"RIR";""
"mttmdo5g-c1fl4i";"2026-09-09T04:50:06.340Z";"LEGS";"3";"64";"Belt squat";"1";"60";"12";"4";"RIR";""
"mttmdo5g-c1fl4i";"2026-09-09T04:50:06.340Z";"LEGS";"3";"64";"Belt squat";"2";"60";"12";"4";"RIR";""
"mttmdo5g-c1fl4i";"2026-09-09T04:50:06.340Z";"LEGS";"3";"64";"Leg extension massima inclinazione";"1";"90";"11";"0";"RIR";""
"mttmdo5g-c1fl4i";"2026-09-09T04:50:06.340Z";"LEGS";"3";"64";"Leg extension massima inclinazione";"2";"90";"10";"0";"RIR";""
"mttmdo5g-c1fl4i";"2026-09-09T04:50:06.340Z";"LEGS";"3";"64";"Leg curl carico dischi";"1";"15";"11";"0";"RIR";""
"mttmdo5g-c1fl4i";"2026-09-09T04:50:06.340Z";"LEGS";"3";"64";"Leg curl carico dischi";"2";"15";"10";"0";"RIR";""
"mtv1nf03-s934ti";"2026-09-10T04:45:21.460Z";"UPPER";"3";"42";"Panca piana - Protocollo B";"Fermo 1";"115";"4";"7";"RPE";""
"mtv1nf03-s934ti";"2026-09-10T04:45:21.460Z";"UPPER";"3";"42";"Panca piana - Protocollo B";"Fermo 2";"115";"4";"7";"RPE";""
"mtv1nf03-s934ti";"2026-09-10T04:45:21.460Z";"UPPER";"3";"42";"High row";"1";"70";"7";"1";"RIR";""
"mtv1nf03-s934ti";"2026-09-10T04:45:21.460Z";"UPPER";"3";"42";"High row";"2";"70";"6";"0";"RIR";""
"mtv1nf03-s934ti";"2026-09-10T04:45:21.460Z";"UPPER";"3";"42";"Lat machine - top + back-off";"1";"95";"6";"0.5";"RIR";""
"mtv1nf03-s934ti";"2026-09-10T04:45:21.460Z";"UPPER";"3";"42";"Lat machine - top + back-off";"2";"86";"7";"0";"RIR";""
"mtv1nf03-s934ti";"2026-09-10T04:45:21.460Z";"UPPER";"3";"42";"Reverse pec deck";"1";"93";"14";"0";"RIR";""
"mtv1nf03-s934ti";"2026-09-10T04:45:21.460Z";"UPPER";"3";"42";"Reverse pec deck";"2";"93";"9";"0";"RIR";""
"mtv1nf03-s934ti";"2026-09-10T04:45:21.460Z";"UPPER";"3";"42";"Alzate laterali";"1";"12";"18";"2";"RIR";""
"mtv1nf03-s934ti";"2026-09-10T04:45:21.460Z";"UPPER";"3";"42";"Alzate laterali";"2";"12";"17";"0";"RIR";""
"mu0qg90t-ujqati";"2026-09-14T04:18:28.397Z";"PUSH";"5";"69";"Panca piana - Protocollo A";"Top set";"142.5";"1";"9.5";"RPE";""
"mu0qg90t-ujqati";"2026-09-14T04:18:28.397Z";"PUSH";"5";"69";"Panca piana - Protocollo A";"Back-off 1";"125";"3";"8";"RPE";""
"mu0qg90t-ujqati";"2026-09-14T04:18:28.397Z";"PUSH";"5";"69";"Panca piana - Protocollo A";"Back-off 2";"125";"3";"8";"RPE";""
"mu0qg90t-ujqati";"2026-09-14T04:18:28.397Z";"PUSH";"5";"69";"Multipower inclinato";"1";"110";"7";"1";"RIR";"30 gradi"
"mu0qg90t-ujqati";"2026-09-14T04:18:28.397Z";"PUSH";"5";"69";"Multipower inclinato";"2";"110";"6";"0";"RIR";"30 gradi"
"mu0qg90t-ujqati";"2026-09-14T04:18:28.397Z";"PUSH";"5";"69";"Shoulder press carico dischi";"1";"60";"5";"1";"RIR";"Shoulder Beinasco "
"mu0qg90t-ujqati";"2026-09-14T04:18:28.397Z";"PUSH";"5";"69";"Shoulder press carico dischi";"2";"60";"5";"0";"RIR";"Shoulder Beinasco "
"mu0qg90t-ujqati";"2026-09-14T04:18:28.397Z";"PUSH";"5";"69";"Pec fly";"1";"134";"15";"1";"RIR";""
"mu0qg90t-ujqati";"2026-09-14T04:18:28.397Z";"PUSH";"5";"69";"Pec fly";"2";"134";"8";"0";"RIR";""
"mu0qg90t-ujqati";"2026-09-14T04:18:28.397Z";"PUSH";"5";"69";"Alzate laterali manubri";"1";"17";"10";"0";"RIR";""
"mu0qg90t-ujqati";"2026-09-14T04:18:28.397Z";"PUSH";"5";"69";"Alzate laterali manubri";"2";"12.5";"14";"0";"RIR";""
"mu0qg90t-ujqati";"2026-09-14T04:18:28.397Z";"PUSH";"5";"69";"Pushdown tricipiti";"1";"45";"10";"2";"RIR";""
"mu0qg90t-ujqati";"2026-09-14T04:18:28.397Z";"PUSH";"5";"69";"Pushdown tricipiti";"2";"45";"8";"0";"RIR";""
"mu26g0ij-hsn4ky";"2026-09-15T04:33:57.403Z";"PULL";"3";"48";"Pulldown corda";"1";"40.5";"14";"0";"RIR";""
"mu26g0ij-hsn4ky";"2026-09-15T04:33:57.403Z";"PULL";"3";"48";"Pulldown corda";"2";"40.5";"10";"1";"RIR";""
"mu26g0ij-hsn4ky";"2026-09-15T04:33:57.403Z";"PULL";"3";"48";"T-bar row machine pacco pesi";"1";"60";"8";"0";"RIR";""
"mu26g0ij-hsn4ky";"2026-09-15T04:33:57.403Z";"PULL";"3";"48";"T-bar row machine pacco pesi";"2";"60";"6";"0";"RIR";""
"mu26g0ij-hsn4ky";"2026-09-15T04:33:57.403Z";"PULL";"3";"48";"High row machine";"1";"60";"8";"0.5";"RIR";""
"mu26g0ij-hsn4ky";"2026-09-15T04:33:57.403Z";"PULL";"3";"48";"High row machine";"2";"60";"7";"0";"RIR";""
"mu26g0ij-hsn4ky";"2026-09-15T04:33:57.403Z";"PULL";"3";"48";"Pulley";"1";"95.5";"8";"1";"RIR";""
"mu26g0ij-hsn4ky";"2026-09-15T04:33:57.403Z";"PULL";"3";"48";"Pulley";"2";"95.5";"9";"1";"RIR";""
"mu26g0ij-hsn4ky";"2026-09-15T04:33:57.403Z";"PULL";"3";"48";"Trazioni assistite";"1";"27";"9";"0";"RIR";""
"mu26g0ij-hsn4ky";"2026-09-15T04:33:57.403Z";"PULL";"3";"48";"Curl manubrio singolo alla Scott al contrario";"1";"20";"4";"0.5";"RIR";""
"mu26g0ij-hsn4ky";"2026-09-15T04:33:57.403Z";"PULL";"3";"48";"Curl manubrio singolo alla Scott al contrario";"2";"16";"7";"0";"RIR";""
"mu26g0ij-hsn4ky";"2026-09-15T04:33:57.403Z";"PULL";"3";"48";"Hammer manubri";"1";"12";"11";"0";"RIR";""
"mu3m2xf9-97iney";"2026-09-16T04:39:26.901Z";"LEGS";"3";"50";"Pendulum squat";"1";"60";"8";"1";"RIR";""
"mu3m2xf9-97iney";"2026-09-16T04:39:26.901Z";"LEGS";"3";"50";"Pendulum squat";"2";"70";"6";"1";"RIR";""
"mu3m2xf9-97iney";"2026-09-16T04:39:26.901Z";"LEGS";"3";"50";"Pressa 45 gradi carico dischi";"1";"240";"12";"1";"RIR";""
"mu3m2xf9-97iney";"2026-09-16T04:39:26.901Z";"LEGS";"3";"50";"Pressa 45 gradi carico dischi";"2";"240";"11";"1";"RIR";""
"mu3m2xf9-97iney";"2026-09-16T04:39:26.901Z";"LEGS";"3";"50";"Leg extension massima inclinazione";"1";"85";"10";"1";"RIR";""
"mu3m2xf9-97iney";"2026-09-16T04:39:26.901Z";"LEGS";"3";"50";"Leg extension massima inclinazione";"2";"85";"8";"0";"RIR";""
"mu3m2xf9-97iney";"2026-09-16T04:39:26.901Z";"LEGS";"3";"50";"Leg curl carico dischi";"1";"15";"11";"0";"RIR";""
"mu3m2xf9-97iney";"2026-09-16T04:39:26.901Z";"LEGS";"3";"50";"Leg curl carico dischi";"2";"15";"10";"0";"RIR";""
"mu3m2xf9-97iney";"2026-09-16T04:39:26.901Z";"LEGS";"3";"50";"Standing leg curl";"1";"";"15";"0";"RIR";""
"mu3m2xf9-97iney";"2026-09-16T04:39:26.901Z";"LEGS";"3";"50";"Abductor";"1";"";"20";"0";"RIR";""